mysql> create table Employee2(Empid int,EmpName varchar(10),Department varchar(5),ContactNo numeric,EmailId varchar(20),EmpHeadId int);
Query OK, 0 rows affected (0.57 sec)

mysql> insert into Employee2 values(101,"Isha","E-101",1234567890,"isha@gmail.com",105);
Query OK, 1 row affected (0.32 sec)

mysql> insert into Employee2 values(102,"Priya","E-104",1234567890,"priya@gmail.com",103);
Query OK, 1 row affected (0.13 sec)

mysql> insert into Employee2 values(103,"Neha","E-101",1234567890,"neha@gmail.com",101);
Query OK, 1 row affected (0.13 sec)

mysql> insert into Employee2 values(104,"Rahul","E-102",1234567890,"rahul@gmail.com",105);
Query OK, 1 row affected (0.13 sec)

mysql> insert into Employee2 values(105,"Abhishek","E-101",1234567890,"abhishek@gmail.com",102);
Query OK, 1 row affected (0.14 sec)

mysql> select * from Employee2;
+-------+----------+------------+------------+--------------------+-----------+
| Empid | EmpName  | Department | ContactNo  | EmailId            | EmpHeadId |
+-------+----------+------------+------------+--------------------+-----------+
|   101 | Isha     | E-101      | 1234567890 | isha@gmail.com     |       105 |
|   102 | Priya    | E-104      | 1234567890 | priya@gmail.com    |       103 |
|   103 | Neha     | E-101      | 1234567890 | neha@gmail.com     |       101 |
|   104 | Rahul    | E-102      | 1234567890 | rahul@gmail.com    |       105 |
|   105 | Abhishek | E-101      | 1234567890 | abhishek@gmail.com |       102 |
+-------+----------+------------+------------+--------------------+-----------+
5 rows in set (0.00 sec)

mysql> create table EmpDept(DeptId varchar(5),DeptName varchar(20),Dept_off varchar(10),DeptHead int);
Query OK, 0 rows affected (0.18 sec)

mysql> insert into EmpDept values("E-101","HR","Monday",105);
Query OK, 1 row affected (0.21 sec)

mysql> insert into EmpDept values("E-102","Development","Tuesday",101);
Query OK, 1 row affected (0.12 sec)

mysql> insert into EmpDept values("E-103","House Keeping","Saturday",103);
Query OK, 1 row affected (0.05 sec)

mysql> insert into EmpDept values("E-104","Sales","Sunday",104);
Query OK, 1 row affected (0.10 sec)

mysql> insert into EmpDept values("E-105","Purchage","Tuesday",104);
Query OK, 1 row affected (0.13 sec)

mysql> select * from EmpDept;
+--------+---------------+----------+----------+
| DeptId | DeptName      | Dept_off | DeptHead |
+--------+---------------+----------+----------+
| E-101  | HR            | Monday   |      105 |
| E-102  | Development   | Tuesday  |      101 |
| E-103  | House Keeping | Saturday |      103 |
| E-104  | Sales         | Sunday   |      104 |
| E-105  | Purchage      | Tuesday  |      104 |
+--------+---------------+----------+----------+
5 rows in set (0.00 sec)

mysql> select EmpName from Employee2,EmpDept WHERE DeptName="HR" AND DeptHead=Empid;
+----------+
| EmpName  |
+----------+
| Abhishek |
+----------+
1 row in set (0.00 sec)