mysql> create table Employee(id int,name varchar(10),salary numeric,departmentId int);
Query OK, 0 rows affected (2.79 sec)

mysql> insert into Employee values(1,"Joe",85000,1),(2,"Henry",80000,2),(3,"Sam",60000,2),(4,"Max",90000,1),(5,"Janet",69000,1),(6,"Randy",85000,1),(7,"Will",70000,1);
Query OK, 7 rows affected (0.13 sec)
Records: 7  Duplicates: 0  Warnings: 0

mysql> select * from employee;
+------+-------+--------+--------------+
| id   | name  | salary | departmentId |
+------+-------+--------+--------------+
|    1 | Joe   |  85000 |            1 |
|    1 | Joe   |  85000 |            1 |
|    2 | Henry |  80000 |            2 |
|    3 | Sam   |  60000 |            2 |
|    4 | Max   |  90000 |            1 |
|    5 | Janet |  69000 |            1 |
|    6 | Randy |  85000 |            1 |
|    7 | Will  |  70000 |            1 |
+------+-------+--------+--------------+
8 rows in set (0.00 sec)

mysql> create table Department(id int, name varchar(10));
Query OK, 0 rows affected (0.20 sec)

mysql> insert into department values(1,"IT"),(2,"Sales");
Query OK, 2 rows affected (0.26 sec)
Records: 2  Duplicates: 0  Warnings: 0

mysql> select * from department;
+------+-------+
| id   | name  |
+------+-------+
|    1 | IT    |
|    2 | Sales |
+------+-------+
2 rows in set (0.00 sec)
